<?xml version="1.0" encoding="utf-8"?>
<StructureDefinition xmlns="http://hl7.org/fhir">
  <id value="Extension-DSW-SingleRecordAllergiesListConfirmedDate" />
  <url value="https://fhir.nhs.wales/StructureDefinition/Extension-DataStandardsWales-SingleRecord-AllergiesListConfirmedDate" />
  <version value="1.0.0" />
  <name value="ExtensionDataStandardsWalesSingleRecordAllergiesListConfirmedDate" />
  <title value="Extension Data Standards Wales Single Record Allergies List Confirmed Date" />
  <status value="draft" />
  <date value="2024-10-01" />
  <publisher value="NHS Wales" />
  <contact>
    <name value="Data Standards" />
    <telecom>
      <system value="email" />
      <value value="data.standards@wales.nhs.uk" />
      <use value="work" />
      <rank value="1" />
    </telecom>
  </contact>
  <copyright value="2024 NHS Wales." />
  <fhirVersion value="4.0.1" />
  <kind value="complex-type" />
  <abstract value="false" />
  <context>
    <type value="element" />
    <expression value="List" />
  </context>
  <type value="Extension" />
  <baseDefinition value="http://hl7.org/fhir/StructureDefinition/Extension" />
  <derivation value="constraint" />
  <differential>
    <element id="Extension">
      <path value="Extension" />
      <short value="To capture the datetime that the allergy list was confirmed" />
      <definition value="To capture the datetime that the allergy list was confirmed" />
      <max value="1" />
    </element>
    <element id="Extension.url">
      <path value="Extension.url" />
      <fixedUri value="https://example.org/fhir/StructureDefinition/Extension-DataStandardsWales-SingleRecord-AllergiesListConfirmedDate" />
    </element>
    <element id="Extension.value[x]">
      <path value="Extension.value[x]" />
      <type>
        <code value="dateTime" />
      </type>
    </element>
  </differential>
</StructureDefinition>